,variable,r_left,r,pvalue
12,fezes_urina SISTEMA DE ESGOTO 2018,"(0.8930919028932071, 5.6474187461829555e-19)",0.8930919028932071,5.6474187461829555e-19
14,destino_lixo COLETADO 2018,"(0.8982616554321121, 1.7414938181209917e-19)",0.8982616554321121,1.7414938181209917e-19
18,tipo_habitacao TIJOLO/ALVENARIA COM REVESTIMENTO 2018,"(0.8571094818753607, 5.132182843275791e-16)",0.8571094818753607,5.132182843275791e-16
20,abastecimento REDE PÚBLICA 2018,"(0.8887327009052677, 1.4546821093287286e-18)",0.8887327009052677,1.4546821093287286e-18
23,tratamento_domicilio SEM TRATAMENTO 2018,"(0.7985347713804227, 1.3223173269742758e-12)",0.7985347713804227,1.3223173269742758e-12
